,file_name,answer
0,10_155127.xls,0.74852866
1,1_10450.xls,0.4461567
2,2_143535.xls,0.49038866
3,3_17837.xls,0.47361326
4,4_175644.xls,0.5005499
5,5_17747.xls,0.745594
6,6_8419.xls,0.60831213
7,7_161338.xls,0.5496271
8,8_181928.xls,0.42972726
9,9_84549.xls,0.54072064
